name,register,gender
James,settled,m
Emma,settled,f
Liam,settled,m
Olivia,settled,f
Noah,settled,m
Sophia,settled,f
Oliver,settled,m
Ava,settled,f
Elijah,settled,m
Isabella,settled,f
William,settled,m
Mia,settled,f
Lucas,settled,m
Charlotte,settled,f
Benjamin,settled,m
Amelia,settled,f
Henry,settled,m
Harper,settled,f
Evelyn,settled,f
Mason,settled,m
Abigail,settled,f
Michael,settled,m
Emily,settled,f
Ethan,settled,m
Ella,settled,f
Daniel,settled,m
Elizabeth,settled,f
Jonah,settled,m
Camila,settled,f
Logan,settled,m
Luna,settled,f
Jackson,settled,m
Sofia,settled,f
Levi,settled,m
Avery,settled,n
Scarlett,settled,f
Jack,settled,m
Eleanor,settled,f
Owen,settled,m
Madison,settled,f
Theodore,settled,m
Layla,settled,f
Samuel,settled,m
Penelope,settled,f
Joseph,settled,m
Chloe,settled,f
John,settled,m
Grace,settled,f
David,settled,m
Nora,settled,f
Luke,settled,m
Hazel,settled,f
Julian,settled,m
Zoey,settled,f
Dylan,settled,m
Riley,settled,n
Matthew,settled,m
Victoria,settled,f
Leo,settled,m
Lily,settled,f
Isaac,settled,m
Aurora,settled,f
Gabriel,settled,m
Violet,settled,f
Anthony,settled,m
Nova,settled,f
Jaxon,settled,m
Hannah,settled,f
Carter,settled,m
Emilia,settled,f
Thomas,settled,m
Stella,settled,f
Charles,settled,m
Maya,settled,f
Willow,settled,f
Caleb,settled,m
Addison,settled,n
Andrew,settled,m
Lucy,settled,f
Joshua,settled,m
Paisley,settled,f
Nathan,settled,m
Natalie,settled,f
Ryan,settled,m
Elena,settled,f
Adrian,settled,m
Naomi,settled,f
Christian,settled,m
Alice,settled,f
Aaron,settled,m
Sadie,settled,f
Eli,settled,m
Ruby,settled,f
Nolan,settled,m
Eva,settled,f
Hunter,settled,m
Ivy,settled,f
Silas,frontier,m
Vesper,frontier,f
Kael,frontier,m
Wren,frontier,n
Dax,frontier,m
Juno,frontier,f
Thorne,frontier,m
Lyra,frontier,f
Cassian,frontier,m
Zephyr,frontier,n
Mira,frontier,f
Soren,frontier,m
Nyx,frontier,f
Bram,frontier,m
Elio,frontier,m
Riven,frontier,n
Astrid,frontier,f
Vance,frontier,m
Freya,frontier,f
Orson,frontier,m
Talia,frontier,f
Zane,frontier,m
Corin,frontier,n
Isla,frontier,f
Malachi,frontier,m
Sterling,frontier,m
Calla,frontier,f
Lucian,frontier,m
Ren,frontier,n
Maeve,frontier,f
Jett,frontier,m
Orion,frontier,m
Nadia,frontier,f
Desmond,frontier,m
Faye,frontier,f
Gareth,frontier,m
Thea,frontier,f
Knox,frontier,m
Selene,frontier,f
Rowan,frontier,n
Evander,frontier,m
Cleo,frontier,f
Tobias,frontier,m
Marlo,frontier,n
Felix,frontier,m
Zelda,frontier,f
Alistair,frontier,m
Rhiannon,frontier,f
Griffin,frontier,m
Sylvie,frontier,f
Cade,frontier,m
Ophelia,frontier,f
Darian,frontier,m
Iris,frontier,f
Leland,frontier,m
Petra,frontier,f
Ronin,frontier,m
Sabine,frontier,f
Jasper,frontier,m
Willa,frontier,f
Stellan,frontier,m
Greer,frontier,n
Leander,frontier,m
Mina,frontier,f
Balthazar,frontier,m
Lyall,frontier,m
Anouk,frontier,f
Cormac,frontier,m
Elowen,frontier,f
Kieran,frontier,m
Delia,frontier,f
Otto,frontier,m
Saskia,frontier,f
Declan,frontier,m
Mara,frontier,f
Gideon,frontier,m
Thalia,frontier,f
Idris,frontier,m
Cassia,frontier,f
Finnian,frontier,m
Blythe,frontier,n
Torin,frontier,m
Gemma,frontier,f
Nikolai,frontier,m
Solana,frontier,f
Beckett,frontier,m
Verity,frontier,f
Magnus,frontier,m
Dahlia,frontier,f
Emory,frontier,n
Linnea,frontier,f
Jude,frontier,m
Zora,frontier,f
Henrik,frontier,m
Colette,frontier,f
Rafe,frontier,m
Paloma,frontier,f
Bastian,frontier,m
Fiona,frontier,f
Wrenn,frontier,n
Odile,frontier,f
Kester,frontier,m
Sable,frontier,n
Fen,frontier,n
Ilma,frontier,f
Torv,frontier,m
Tim,yard,m
Ben,yard,m
Simon,yard,m
Mike,yard,m
Weasel,yard,n
Jungle,yard,n
Diggy G,yard,n
Jesus,yard,m
Jimmy,yard,m
Karl,yard,m
Maston,yard,m
Tristan,yard,m
Dave,yard,m
Bingo,yard,n
Lucky G,yard,n
Pleb,yard,n
Jonny,yard,m
Johnny,yard,m
Bishop,yard,m
Pete,yard,m
Dwayne,yard,m
Mungo,yard,m
Treacle,yard,n
Sausage,yard,n
Gardino,yard,n
Gary,yard,m
Gazza,yard,m
Smithy,yard,n
Johno,yard,m
Spudgun,yard,n
Spud,yard,n
Tommy,yard,m
Preston,yard,m
Flower,yard,n
Holiday,yard,n
Bert,yard,m
Wade,yard,m
