key,label,namespace,milestone,tooltip_seed
ui.res.scrap,Scrap,ui.res,M1,Mixed unsorted salvage. Feeds the reclaimer
ui.res.rubble,Rubble,ui.res,M1,"Broken concrete and masonry. Cleared, not mined"
ui.res.girder,Girder,ui.res,M1,"Structural steel cut from a shell. Heavy, valuable"
ui.res.panel,Hull panel,ui.res,M1,Flat salvaged plating. The cheapest wall material
ui.res.composite,Composite,ui.res,M1,"Light high-strength laminate. Scarce, from deep salvage"
ui.res.glass,Glass,ui.res,M1,"Windows, screens and hydroponic covers"
ui.res.polymer,Polymer,ui.res,M1,"Moulded plastics. Light, flammable"
ui.res.ceramic,Ceramic,ui.res,M1,Heat-resistant tile and insulator stock
ui.res.rebar,Rebar,ui.res,M1,Reinforcing rod. Doubles a span's support
ui.res.wire,Wire,ui.res,M1,Conduit and machine winding stock
ui.res.circuitry,Circuitry,ui.res,M1,Salvaged boards. Every powered thing needs some
ui.res.chip,Processor,ui.res,M1,Intact pre-collapse logic. Rarely recoverable
ui.res.mechanism,Mechanism,ui.res,M1,"Gears and actuators. Doors, lifts, turrets"
ui.res.pipe,Pipe,ui.res,M1,"Fluid and gas runs, and cheap conduit"
ui.res.cell,Power cell,ui.res,M1,Portable charge. Batteries and tools
ui.res.fuel,Fuel,ui.res,M1,"Burns in generators. Salvaged, not refined, at first"
ui.res.coolant,Coolant,ui.res,M1,Keeps fabricators and reactors inside tolerance
ui.res.optic,Optic,ui.res,M1,Lenses and sensors. Scanners and scopes
ui.res.fabric,Fabric,ui.res,M1,"Bedding, apparel and filters"
ui.res.leather,Leather,ui.res,M1,Tanned hide. Tougher apparel than fabric
ui.res.cord,Cord,ui.res,M1,"Rope and cable. Ladders, lifts, bindings"
ui.res.insulation,Insulation,ui.res,M1,Foam batting. Slows heat through a wall
ui.res.paper,Paper,ui.res,M1,Records and packaging. Research feedstock
ui.res.rations,Rations,ui.res,M1,"Sealed pre-collapse food. Never spoils, nobody enjoys it"
ui.res.meal,Meal,ui.res,M1,Cooked at a galley. Mood as well as nutrition
ui.res.protein,Protein paste,ui.res,M1,Reclaimed nutrition. Edible; that is all
ui.res.meat,Raw meat,ui.res,M1,Butchered. Spoils without cold
ui.res.produce,Produce,ui.res,M1,"Grown food, uncooked"
ui.res.wood,Wood,ui.res,M3,"Felled timber. The first thing the colony builds with"
ui.res.stone,Stone,ui.res,M3,"Broken rock from a mined face. Heavy, and there is always more"
ui.res.ironore,Iron ore,ui.res,M3,Raw ore. Worthless until something smelts it
ui.res.coal,Coal,ui.res,M3,"Burns hot. Found deeper than iron, and for that reason"
ui.res.carrots,Carrots,ui.res,M3,"The first field crop. Eaten straight, no cooking and no spoilage"
ui.res.grain,Grain,ui.res,M1,"Bulk staple. Stores well, needs cooking"
ui.res.fungus,Fungus,ui.res,M1,Grows without light. The underground staple
ui.res.stimulant,Stimulant,ui.res,M1,Buys an hour of wakefulness at a cost
ui.res.alcohol,Alcohol,ui.res,M1,"Recreation, and a problem for some"
ui.res.medkit,Medkit,ui.res,M1,Field tending. Consumed per treatment
ui.res.medicine,Medicine,ui.res,M1,Compounded drugs. Better outcomes than a medkit
ui.res.organ,Organ,ui.res,M1,"Harvested and kept cold. Surgery, or trade"
ui.res.prosthetic,Prosthetic,ui.res,M1,Replaces a lost part. Quality varies wildly
ui.res.bone,Bone,ui.res,M1,Butchery by-product. Tool and craft stock
ui.res.tallow,Tallow,ui.res,M1,"Rendered fat. Candles, soap, fuel"
ui.res.plantmatter,Plant matter,ui.res,M1,Cuttings and chaff. Compost and feedstock
ui.res.seed,Seed,ui.res,M1,Plants a growing zone. Some strains are irreplaceable
ui.res.ammo,Ammunition,ui.res,M1,Feeds firearms and turrets
ui.res.credit,Credit chit,ui.res,M1,The one currency every faction still honours
ui.res.relic,Relic,ui.res,M1,Pre-collapse curio. Trade value and a mood lift
ui.res.smokes,Smokes,ui.res,M1,Cheap comfort with a long bill
ui.res.curio,Curio,ui.res,M1,Sentimental object. Worth more to a colonist than a trader
ui.need.food,Food,ui.need,M2,How hungry this colonist is
ui.need.rest,Rest,ui.need,M2,Sleep debt
ui.need.joy,Recreation,ui.need,M2,Time spent on anything enjoyable
ui.need.comfort,Comfort,ui.need,M2,Quality of what they sit and sleep on
ui.need.beauty,Beauty,ui.need,M2,How the surroundings look to them
ui.need.space,Space,ui.need,M2,Room to move. Cramped quarters grate
ui.need.outdoors,Outdoors,ui.need,M2,"Time under open sky. Some need it, some dread it"
ui.need.hygiene,Cleanliness,ui.need,M2,Filth underfoot and in the air
ui.need.mood,Mood,ui.need,M2,How good this colonist feels overall
ui.mood.content,Content,ui.mood,M2,Mood is comfortable
ui.mood.strained,Strained,ui.mood,M2,Mood is falling. Watch this one
ui.mood.breaking,Breaking,ui.mood,M2,At the threshold of a mental break
ui.mood.broken,Breaking down,ui.mood,M2,In a mental break now
ui.skill.construction,Construction,ui.skill,M2,"Building, and the quality of what is built"
ui.skill.mining,Mining,ui.skill,M2,"Digging, rubble clearance and salvage extraction"
ui.skill.salvage,Salvage,ui.skill,M2,Stripping a shell without wrecking what is in it
ui.skill.cooking,Cooking,ui.skill,M2,"Meal quality, and food poisoning avoided"
ui.skill.growing,Growing,ui.skill,M2,Yield and harvest speed
ui.skill.cutting,Chopping,ui.skill,M2,"Felling trees. How fast the axe comes down, and how fast the trunk goes over"
ui.skill.animals,Animals,ui.skill,M2,"Taming, training and husbandry"
ui.skill.crafting,Crafting,ui.skill,M2,Bench work and item quality
ui.skill.fabrication,Fabrication,ui.skill,M2,Advanced production. Gates the best gear
ui.skill.medicine,Medicine,ui.skill,M2,"Tending, surgery and survival odds"
ui.skill.social,Social,ui.skill,M2,"Negotiation, recruitment and warden work"
ui.skill.shooting,Shooting,ui.skill,M2,Ranged accuracy
ui.skill.melee,Melee,ui.skill,M2,"Close combat, hit and parry"
ui.skill.intellect,Intellect,ui.skill,M2,Research speed
ui.quality.poor,Poor,ui.quality,M3,"Slapdash work. A poor bed rests worse than none at all feels"
ui.quality.normal,Normal,ui.quality,M3,What an honest day's joinery makes
ui.quality.decent,Decent,ui.quality,M3,Made with care. Rests a little better
ui.quality.uber,Uber,ui.quality,M3,"Master work: square, true and comfortable"
ui.quality.epic,Epic,ui.quality,M3,A thing the colony will tell stories about
ui.pawn.colonist,Colonist,ui.pawn,M2,One of ours
ui.pawn.visitor,Visitor,ui.pawn,M2,"Here peacefully, and watching"
ui.pawn.hostile,Hostile,ui.pawn,M2,Will attack
ui.pawn.prisoner,Prisoner,ui.pawn,M2,"Held, and someone must feed them"
ui.pawn.animal,Animal,ui.pawn,M2,Tame or wild creature
ui.pawn.synth,Synth,ui.pawn,M2,"Machine intelligence. Not alive, not harmless"
ui.pawn.corpse,Corpse,ui.pawn,M2,"Rots, upsets people, can be buried or worse"
ui.pawn.hog,Midden hog,ui.pawn,AN,"Pig-descended, thrives on refuse heaps. Wild for now; the one you meet first"
ui.pawn.rat,Duct rat,ui.pawn,AN,"Vermin from the ducts and the caverns. Climbs anything"
ui.status.hauling,Hauling,ui.status,M2,Carrying something to storage
ui.status.building,Building,ui.status,M2,Working a frame or blueprint
ui.status.deconstructing,Deconstructing,ui.status,M3,Taking one of our own buildings apart
ui.status.mining,Mining,ui.status,M2,"Cutting into rubble, concrete or rock"
ui.status.felling,Chopping,ui.status,M3,Cutting a tree down for wood
ui.status.sowing,Sowing,ui.status,M3,Breaking ground and planting a zone cell
ui.status.harvesting,Harvesting,ui.status,M3,Cutting a ripe crop and gathering it
ui.status.sleeping,Sleeping,ui.status,M2,"Asleep, and should stay that way"
ui.status.eating,Eating,ui.status,M2,Taking a meal
ui.status.idle,Idle,ui.status,M2,Nothing to do. Usually a priorities problem
ui.status.recreating,Recreating,ui.status,M2,Off duty on purpose
ui.status.tending,Tending,ui.status,M2,Treating a patient
ui.status.downed,Downed,ui.status,M2,Cannot move. Needs rescue
ui.status.bleeding,Bleeding,ui.status,M2,Losing blood. Timed problem
ui.status.burning,On fire,ui.status,M2,Burning now
ui.status.drafted,Drafted,ui.status,M2,"Under direct order, not the work list"
ui.status.wandering,Wandering,ui.status,AN,"An animal on a leg of its own: going somewhere nearby for no reason"
ui.status.resting,Resting,ui.status,AN,"An animal between legs"
ui.work.firefighting,Firefighting,ui.work,M7,Put out fires. Always first
ui.work.patient,Patient,ui.work,M7,Accept treatment when hurt
ui.work.bedrest,Bed rest,ui.work,M7,Stay in bed while recovering
ui.work.doctor,Doctor,ui.work,M7,Tend the injured and operate
ui.work.warden,Warden,ui.work,M7,"Feed, talk to and recruit prisoners"
ui.work.handling,Handling,ui.work,M7,"Tame, train and feed animals"
ui.work.cooking,Cooking,ui.work,M7,Prepare meals and butcher
ui.work.hunting,Hunting,ui.work,M7,Kill wild animals for meat
ui.work.construction,Construction,ui.work,M7,Build frames and blueprints
ui.work.growing,Growing,ui.work,M7,Sow and harvest growing zones
ui.work.mining,Mining,ui.work,M7,"Dig, and clear rubble"
ui.work.salvaging,Salvaging,ui.work,M7,Strip shells and extract salvage
ui.work.cutting,Chopping,ui.work,M7,Fell trees and clear growth
ui.work.hauling,Hauling,ui.work,M7,Move things to storage
ui.work.cleaning,Cleaning,ui.work,M7,Clear filth from rooms
ui.work.research,Research,ui.work,M7,Work the research bench
ui.work.crafting,Crafting,ui.work,M7,General bench work
ui.work.tailoring,Tailoring,ui.work,M7,Make apparel from fabric and leather
ui.work.fabrication,Fabrication,ui.work,M7,Advanced production
ui.work.art,Art,ui.work,M7,Make sculptures and decoration
ui.work.operating,Operating,ui.work,M7,Run powered machinery
ui.work.rescue,Rescue,ui.work,M7,Carry the downed to a bed
ui.schedule.anything,Anything,ui.schedule,M7,"No instruction: work, rest or idle as needs dictate"
ui.schedule.work,Work,ui.schedule,M7,Take jobs from the priority grid this hour
ui.schedule.sleep,Sleep,ui.schedule,M7,Go to bed whether tired or not
ui.schedule.recreation,Recreation,ui.schedule,M7,Rest and recover mood
ui.schedule.eat,Eat,ui.schedule,M7,Take a meal even if not yet hungry
ui.schedule.meditate,Meditate,ui.schedule,M7,"Quiet hours, for whatever comes to need them"
ui.arch.category.structure,Structure,ui.arch.category,M3,"Walls, doors, floors and vertical connectors"
ui.arch.category.zones,Zones,ui.arch.category,M3,"Stockpiles, growing zones and allowed areas"
ui.arch.category.orders,Orders,ui.arch.category,M3,One-off designations on existing things
ui.arch.category.power,Power,ui.arch.category,M3,"Generation, storage and conduit"
ui.arch.category.production,Production,ui.arch.category,M3,Benches and machines that make things
ui.arch.category.furniture,Furniture,ui.arch.category,M3,"Beds, seating, storage and lighting"
ui.arch.category.security,Security,ui.arch.category,M3,"Turrets, traps and hard cover"
ui.arch.category.salvage,Salvage,ui.arch.category,M3,Tools for taking a ruin apart profitably
ui.arch.category.floors,Floors,ui.arch.category,M3,"Surfaces, and the roof of the layer below"
ui.arch.category.recreation,Recreation,ui.arch.category,M3,Things colonists enjoy
ui.arch.tool.wall,Wall,ui.arch.tool,M3,"Blocks movement, sight and heat"
ui.arch.tool.door,Door,ui.arch.tool,M3,"Passable, and holds a room's air"
ui.arch.tool.stair,Stair,ui.arch.tool,M3,Two cells. The fast way between layers
ui.arch.tool.ladder,Ladder,ui.arch.tool,M3,"One cell. Slow, cheap, no hauling"
ui.arch.tool.pillar,Support pillar,ui.arch.tool,M3,Extends how far a roof can span
ui.arch.tool.roof,Slab,ui.arch.tool,M3,"An upper floor. Goes on a wall or bridges out from one"
ui.arch.tool.reclaim,Reclaim shell,ui.arch.tool,M3,Adopt existing ruined structure as ours
ui.arch.tool.window,Window,ui.arch.tool,M3,"Light through a wall, less insulation"
ui.arch.tool.hatch,Hatch,ui.arch.tool,M3,A door in a floor
ui.arch.tool.airlock,Airlock,ui.arch.tool,M3,Two doors and a seal. Holds atmosphere
ui.arch.tool.stockpile,Stockpile,ui.arch.tool,M3,Where hauled things go
ui.arch.tool.growzone,Growing zone,ui.arch.tool,M3,Soil or hydroponics planted with one crop
ui.arch.tool.allowed,Allowed area,ui.arch.tool,M3,Where colonists may go
ui.arch.tool.dumping,Dumping zone,ui.arch.tool,M3,Where rubbish and rubble go
ui.arch.tool.kennel,Animal area,ui.arch.tool,M3,Where tame animals may roam
ui.arch.tool.mine,Mine,ui.arch.tool,M3,Dig out a cell
ui.arch.tool.deconstruct,Deconstruct,ui.arch.tool,M3,Take our own building apart for materials
ui.arch.tool.salvage,Salvage,ui.arch.tool,M3,"Strip a ruin. Slower than deconstruct, better yield"
ui.arch.tool.haulurgent,Haul urgently,ui.arch.tool,M3,Jump this to the top of the haul list
ui.arch.tool.cancel,Cancel,ui.arch.tool,M3,Remove designations and orders
ui.arch.tool.forbid,Forbid,ui.arch.tool,M3,Hands off this
ui.arch.tool.fell,Chop trees,ui.arch.tool,M3,Cut a tree down for wood
ui.arch.tool.allowitem,Allow,ui.arch.tool,M3,Hands back on
ui.arch.tool.clearrubble,Clear rubble,ui.arch.tool,M3,Remove loose debris from a cell
ui.arch.tool.extinguish,Extinguish,ui.arch.tool,M3,Put this fire out now
ui.arch.tool.harvest,Harvest,ui.arch.tool,M3,Take the crop
ui.arch.tool.conduit,Conduit,ui.arch.tool,M3,Carries power. Connects vertically
ui.arch.tool.battery,Battery,ui.arch.tool,M3,Stores charge against the night
ui.arch.tool.generator,Generator,ui.arch.tool,M3,Burns fuel for power
ui.arch.tool.solar,Solar array,ui.arch.tool,M3,"Free power, and useless in the dark"
ui.arch.tool.wind,Wind turbine,ui.arch.tool,M3,Needs open sky and clear space
ui.arch.tool.geothermal,Geothermal tap,ui.arch.tool,M3,"Deep, expensive, constant"
ui.arch.tool.switch,Power switch,ui.arch.tool,M3,Cuts a net in two
ui.arch.tool.reactor,Reactor,ui.arch.tool,M3,"Late, enormous, dangerous"
ui.arch.tool.fabricator,Fabricator,ui.arch.tool,M3,Makes refined materials and components
ui.arch.tool.galley,Galley,ui.arch.tool,M3,Cooks meals
ui.arch.tool.reclaimer,Reclaimer,ui.arch.tool,M3,Sorts scrap into usable material
ui.arch.tool.hydroponics,Hydroponics basin,ui.arch.tool,M3,"Grows without soil, needs power"
ui.arch.tool.bench,Crafting bench,ui.arch.tool,M3,General making
ui.arch.tool.tailorbench,Tailoring bench,ui.arch.tool,M3,Apparel from fabric and leather
ui.arch.tool.smithy,Forge,ui.arch.tool,M3,Works metal by hand
ui.arch.tool.butcher,Butcher table,ui.arch.tool,M3,Carcasses into meat and leather
ui.arch.tool.researchbench,Research bench,ui.arch.tool,M3,Where research happens
ui.arch.tool.comms,Comms console,ui.arch.tool,M3,Talk to factions and traders
ui.arch.tool.bunk,Bunk,ui.arch.tool,M3,Cheap sleeping. Poor comfort
ui.arch.tool.bed,Bed,ui.arch.tool,M3,"Better rest, better mood"
ui.arch.tool.table,Table,ui.arch.tool,M3,Eating at one beats eating on the floor
ui.arch.tool.chair,Chair,ui.arch.tool,M3,Comfort while working or eating
ui.arch.tool.lamp,Lamp,ui.arch.tool,M3,Light. Costs power
ui.arch.tool.shelf,Shelf,ui.arch.tool,M3,Storage that keeps things off the floor
ui.arch.tool.locker,Locker,ui.arch.tool,M3,Personal storage
ui.arch.tool.brazier,Brazier,ui.arch.tool,M3,"Heat and light, no power, some risk"
ui.arch.tool.cooler,Cooler,ui.arch.tool,M3,Moves heat out of a room
ui.arch.tool.heater,Heater,ui.arch.tool,M3,Moves heat into a room
ui.arch.tool.vent,Vent,ui.arch.tool,M3,Lets two rooms share air
ui.arch.tool.turret,Turret,ui.arch.tool,M3,Shoots hostiles. Needs power and ammunition
ui.arch.tool.trap,Trap,ui.arch.tool,M3,"One-shot, cheap, forgettable by your own colonists"
ui.arch.tool.barricade,Barricade,ui.arch.tool,M3,Cover without blocking sight
ui.arch.tool.blastdoor,Blast door,ui.arch.tool,M3,"Slow, strong, holds a breach"
ui.arch.tool.sandbag,Sandbags,ui.arch.tool,M3,Fast cover from salvage
ui.arch.tool.searchlight,Searchlight,ui.arch.tool,M3,Light where you need to shoot
ui.arch.tool.deckplate,Floor,ui.arch.tool,M3,Laid on ground you already walk on
ui.arch.tool.grating,Grating,ui.arch.tool,M3,See and fall through. Light passes
ui.arch.tool.concretefloor,Poured concrete,ui.arch.tool,M3,"Slow, cheap, permanent"
ui.arch.tool.tile,Tile,ui.arch.tool,M3,Clean and pretty. Hospitals and kitchens
ui.arch.tool.removefloor,Remove floor,ui.arch.tool,M3,Back to bare substrate
ui.arch.tool.recbench,Bench,ui.arch.tool,M3,Somewhere to sit and talk
ui.arch.tool.gamestable,Games table,ui.arch.tool,M3,"Two colonists, one distraction"
ui.arch.tool.viewscreen,Viewscreen,ui.arch.tool,M3,Recreation for a room at once
ui.arch.tool.planter,Planter,ui.arch.tool,M3,Decorative growth indoors
ui.arch.tool.sculpture,Sculpture,ui.arch.tool,M3,"Beauty, made by hand"
ui.command.draft,Draft,ui.command,M3,Take direct control
ui.command.undraft,Undraft,ui.command,M3,Return to the work list
ui.command.attack,Attack,ui.command,M3,Engage this target
ui.command.moveto,Move to,ui.command,M3,Go here
ui.command.hold,Hold position,ui.command,M3,Stay and shoot from here
ui.command.prioritise,Prioritise,ui.command,M3,Do this job next
ui.command.rescue,Rescue,ui.command,M3,Carry to a bed
ui.command.capture,Capture,ui.command,M3,Carry to a prisoner bed
ui.command.arrest,Arrest,ui.command,M3,Take into custody
ui.command.tend,Tend,ui.command,M3,Treat this patient
ui.command.operate,Operate,ui.command,M3,Perform surgery
ui.command.install,Install,ui.command,M3,Place this built thing
ui.command.uninstall,Uninstall,ui.command,M3,Pick up intact for moving
ui.command.reinstall,Reinstall,ui.command,M3,Move without rebuilding
ui.command.equip,Equip,ui.command,M3,Take this weapon or tool
ui.command.unequip,Unequip,ui.command,M3,Put it down
ui.command.wear,Wear,ui.command,M3,Put this on
ui.command.drop,Drop,ui.command,M3,Leave this here
ui.command.pickup,Pick up,ui.command,M3,Carry in inventory
ui.command.refuel,Refuel,ui.command,M3,Top this up
ui.command.switchon,Switch on,ui.command,M3,Power this up
ui.command.switchoff,Switch off,ui.command,M3,Power this down
ui.command.tame,Tame,ui.command,M3,Try to tame this animal
ui.command.train,Train,ui.command,M3,Teach this animal
ui.command.slaughter,Slaughter,ui.command,M3,Kill this tame animal
ui.command.butcher,Butcher,ui.command,M3,Process this carcass
ui.command.release,Release,ui.command,M3,Let this animal go
ui.command.sow,Sow,ui.command,M3,Plant here
ui.command.bury,Bury,ui.command,M3,Put this body in a grave
ui.command.sleep,Sleep,ui.command,M3,Go and rest
ui.command.eat,Eat,ui.command,M3,Take a meal
ui.command.recreate,Recreate,ui.command,M3,Go and enjoy something
ui.command.setpriority,Set priority,ui.command,M3,Change the work priority
ui.command.setowner,Assign,ui.command,M3,Give this to a colonist
ui.command.setzone,Set area,ui.command,M3,Restrict where this one goes
ui.command.copysettings,Copy settings,ui.command,M3,Take this thing's configuration
ui.command.pastesettings,Paste settings,ui.command,M3,Apply the copied configuration
ui.command.rename,Rename,ui.command,M3,Give this a name
ui.command.selectsimilar,Select similar,ui.command,M3,Everything of this kind on screen
ui.command.jumpto,Jump to,ui.command,M3,Put the camera and slice here
ui.command.follow,Follow,ui.command,M3,Keep the camera on this
ui.command.inspect,Inspect,ui.command,M3,Open the full record
ui.command.trade,Trade,ui.command,M3,Open the ledger with this trader
ui.command.recruit,Recruit,ui.command,M3,Try to talk them round
ui.command.gift,Gift,ui.command,M3,Give this away for goodwill
ui.command.evacuate,Evacuate,ui.command,M3,Everyone out of this area
ui.command.hunt,Hunt,ui.command,M3,Kill this wild animal for meat
ui.command.strip,Strip,ui.command,M3,Take everything they carry
ui.overlay.temperature,Temperature,ui.overlay,M1,Warm to cold across the slice
ui.overlay.light,Light,ui.overlay,M1,How lit each cell is
ui.overlay.beauty,Beauty,ui.overlay,M1,What the room looks like to a colonist
ui.overlay.cleanliness,Cleanliness,ui.overlay,M1,"Filth, and where it matters"
ui.overlay.roofs,Roofs,ui.overlay,M1,"What is roofed, and by what"
ui.overlay.zones,Zones,ui.overlay,M1,"Stockpiles, growing and allowed areas"
ui.overlay.power,Power,ui.overlay,M1,"Nets, and which of them are short"
ui.overlay.salvage,Salvage density,ui.overlay,M1,Where the worthwhile scrap is
ui.overlay.support,Structural support,ui.overlay,M1,What is holding this layer up
ui.overlay.traffic,Traffic,ui.overlay,M1,Where colonists actually walk
ui.tab.build,Build,ui.tab,M1,"Build, dig and zone — the palette of placement tools"
ui.tab.work,Work,ui.tab,M1,The priority grid
ui.tab.schedule,Schedule,ui.tab,M1,"Folded into Work: one table says who does what, and when"
ui.tab.research,Research,ui.tab,M1,"The tree, and what is being worked on"
ui.tab.colonists,Colonists,ui.tab,M1,"Everyone, at a glance"
ui.tab.animals,Animals,ui.tab,M1,Tame beasts and their training
ui.tab.wildlife,Wildlife,ui.tab,M1,"What is out there. Listed under Animals for now; not on the bar"
ui.tab.bills,Bills,ui.tab,M1,Standing production orders
ui.tab.trade,Trade,ui.tab,M1,Caravans and traders
ui.tab.factions,Factions,ui.tab,M1,"Who likes us, and how much"
ui.tab.archive,History,ui.tab,M1,Everything that has happened
ui.tab.almanac,Almanac,ui.tab,M1,"The colony reference: every terrain, material, structure, item and craft"
ui.tab.menu,Menu,ui.tab,M1,"Save, load, settings, quit"
ui.alert.starvation,Starving,ui.alert,M2,Someone is going hungry
ui.alert.breach,Breach,ui.alert,M2,The outside has got in
ui.alert.unsupported,Unsupported span,ui.alert,M2,This will collapse
ui.alert.collapse,Collapse,ui.alert,M2,Something has already come down
ui.alert.cold,Too cold,ui.alert,M2,A room is below tolerance
ui.alert.heat,Too hot,ui.alert,M2,A room is above tolerance
ui.alert.idle,Idle colonists,ui.alert,M2,Nothing assigned that they can do
ui.alert.nomedicine,No medicine,ui.alert,M2,Nothing to tend with
ui.alert.nobed,No bed,ui.alert,M2,Someone has nowhere to sleep
ui.alert.nofood,No food,ui.alert,M2,The stores are empty
ui.alert.fire,Fire,ui.alert,M2,Burning now
ui.alert.injured,Injured,ui.alert,M2,Someone needs treatment
ui.alert.disease,Disease,ui.alert,M2,An illness has taken hold
ui.alert.infection,Infection,ui.alert,M2,A wound has gone bad
ui.alert.mentalbreak,Mental break,ui.alert,M2,A colonist has lost control
ui.alert.prisonerescape,Prisoner escaping,ui.alert,M2,One is getting out
ui.alert.raid,Raid,ui.alert,M2,Hostiles are here
ui.alert.drop,Drop from above,ui.alert,M2,Something came in through open sky
ui.alert.powerloss,Power failure,ui.alert,M2,A net has gone dark
ui.alert.spoilage,Spoiling,ui.alert,M2,Food is going off
ui.alert.darkness,No light,ui.alert,M2,Work is slowed for want of a lamp
ui.alert.trapped,Trapped,ui.alert,M2,Someone cannot reach the colony
ui.alert.storagestuck,Store cannot be emptied,ui.alert,M3,"A shelf is marked for removal and there is nowhere to put what is in it"
ui.toast.skillup,{name} has reached {skill} {level},ui.toast,M2,A colonist's skill has gone up a level
ui.bulletin.salvage,Salvage found,ui.bulletin,M2,Something worthwhile in the rubble
ui.bulletin.arrival,Arrival,ui.bulletin,M2,Someone new is here
ui.bulletin.trader,Trader,ui.bulletin,M2,A trader has come to us
ui.bulletin.caravan,Caravan,ui.bulletin,M2,Ours has arrived or returned
ui.bulletin.raidincoming,Raid warning,ui.bulletin,M2,Hostiles are on the way
ui.bulletin.weather,Weather,ui.bulletin,M2,The conditions have turned
ui.bulletin.death,Death,ui.bulletin,M2,We have lost someone
ui.bulletin.recruited,Recruited,ui.bulletin,M2,A prisoner has joined us
ui.bulletin.research,Research complete,ui.bulletin,M2,A project has finished
ui.bulletin.quest,Opportunity,ui.bulletin,M2,An offer with a deadline
ui.bulletin.wanderer,Wanderer,ui.bulletin,M2,Someone wants to join
ui.bulletin.refugee,Refugee,ui.bulletin,M2,Someone is asking for shelter
ui.bulletin.animaljoin,Animal joined,ui.bulletin,M2,A tame beast has attached itself to us
ui.bulletin.crash,Crash,ui.bulletin,M2,Something has come down nearby
ui.bulletin.supplydrop,Supply drop,ui.bulletin,M3,"Something has fallen from the sky. Fetch it before the weather does"
ui.bulletin.birth,Birth,ui.bulletin,M2,A tame animal has given birth
ui.weather.clear,Clear,ui.weather,M1,Open sky
ui.weather.cloudy,Cloudy,ui.weather,M1,"Less light, no other effect"
ui.weather.rain,Rain,ui.weather,M1,"Puts out fires, waters crops"
ui.weather.storm,Storm,ui.weather,M1,"Rain, wind and lightning"
ui.weather.snow,Snow,ui.weather,M1,"Cold, and it settles"
ui.weather.fog,Fog,ui.weather,M1,Sight and shooting suffer
ui.weather.ashfall,Ashfall,ui.weather,M1,"Filth from the sky, and no sun"
ui.weather.heatwave,Heatwave,ui.weather,M1,Everything outdoors is too hot
ui.weather.coldsnap,Cold snap,ui.weather,M1,Everything outdoors is too cold
ui.weather.toxic,Toxic fallout,ui.weather,M1,Do not go outside
ui.weather.windstorm,Windstorm,ui.weather,M1,"Wind power up, everything else down"
ui.layer.up,Layer up,ui.layer,M1,Slice one layer higher
ui.layer.down,Layer down,ui.layer,M1,Slice one layer lower
ui.layer.ground,Ground level,ui.layer,M1,Jump the slice to the street
ui.layer.policy.hide,Hide above,ui.layer,M1,Draw nothing above the slice
ui.layer.policy.ghost,Ghost above,ui.layer,M1,Structural outlines only
ui.layer.policy.xraymin,"X-ray, one layer",ui.layer,M1,Just the storey overhead
ui.layer.policy.xray,"X-ray, all layers",ui.layer,M1,"Everything above, fading with distance"
ui.layer.policy.roofsoff,Roofs off,ui.layer,M1,"Solid above, but roofs and floors dropped"
ui.layer.policy.full,No cut-away,ui.layer,M1,Draw everything solid
ui.speed.pause,Pause,ui.speed,M1,Stop time
ui.speed.play,Normal speed,ui.speed,M1,One tick per tick
ui.speed.fast,Fast,ui.speed,M1,Three times speed
ui.speed.ultra,Very fast,ui.speed,M1,As fast as the simulation will go
ui.health.brain,Brain,ui.health,M6,"Consciousness, and everything downstream of it"
ui.health.head,Head,ui.health,M6,Houses most of what matters
ui.health.eye,Eye,ui.health,M6,"Sight, and therefore shooting"
ui.health.ear,Ear,ui.health,M6,"Hearing, and social work"
ui.health.nose,Nose,ui.health,M6,"Minor, until it is gone"
ui.health.jaw,Jaw,ui.health,M6,Eating and talking
ui.health.neck,Neck,ui.health,M6,A bad place to be hurt
ui.health.torso,Torso,ui.health,M6,Everything vital is in here
ui.health.heart,Heart,ui.health,M6,Blood pumping. Fatal to lose
ui.health.lung,Lung,ui.health,M6,"Breathing, and stamina"
ui.health.liver,Liver,ui.health,M6,Filters. Slow to kill you
ui.health.kidney,Kidney,ui.health,M6,You have two for a reason
ui.health.stomach,Stomach,ui.health,M6,Digestion
ui.health.spine,Spine,ui.health,M6,Moving at all
ui.health.shoulder,Shoulder,ui.health,M6,Carries the arm
ui.health.arm,Arm,ui.health,M6,Manipulation
ui.health.hand,Hand,ui.health,M6,Fine work
ui.health.finger,Finger,ui.health,M6,"Small loss, real cost"
ui.health.leg,Leg,ui.health,M6,Walking speed
ui.health.foot,Foot,ui.health,M6,Balance and pace
ui.health.blood,Blood loss,ui.health,M6,How much has been lost
ui.health.scar,Scar,ui.health,M6,"Permanent, and it aches"
ui.health.wound,Wound,ui.health,M6,Fresh injury
ui.health.burn,Burn,ui.health,M6,Fire damage
ui.health.fracture,Fracture,ui.health,M6,"Broken, not severed"
ui.health.missing,Missing part,ui.health,M6,Gone. Replace or adapt
ui.health.implant,Implant,ui.health,M6,"Fitted, and working"
ui.health.anaesthetic,Anaesthetic,ui.health,M6,"Under, and safe to operate on"
ui.item.knife,Knife,ui.item,M3,"Close work, and butchery"
ui.item.sword,Blade,ui.item,M3,Reach and damage in melee
ui.item.club,Club,ui.item,M3,Blunt. Downs rather than kills
ui.item.spear,Spear,ui.item,M3,Cheap reach
ui.item.pickaxe,Pickaxe,ui.item,M3,Mining tool. A weapon in a pinch
ui.item.shovel,Shovel,ui.item,M3,Rubble and soil
ui.item.hammer,Hammer,ui.item,M3,Construction tool
ui.item.wrench,Wrench,ui.item,M3,Machinery and repair
ui.item.drill,Drill,ui.item,M3,Powered cutting. Fast salvage
ui.item.axe,Axe,ui.item,M3,"Cutting, and chopping"
ui.item.cutter,Cutting torch,ui.item,M3,Opens a hull. Opens a wall
ui.item.pistol,Sidearm,ui.item,M3,"Short range, always to hand"
ui.item.rifle,Rifle,ui.item,M3,The standard ranged weapon
ui.item.shotgun,Scattergun,ui.item,M3,"Devastating close, useless far"
ui.item.crossbow,Crossbow,ui.item,M3,"Silent, slow, makeable"
ui.item.grenade,Grenade,ui.item,M3,"Area damage, and friendly fire"
ui.item.shield,Shield,ui.item,M3,Melee defence
ui.item.helmet,Helmet,ui.item,M3,Protects the head
ui.item.vest,Vest,ui.item,M3,Torso armour
ui.item.jacket,Jacket,ui.item,M3,Warmth and a little protection
ui.item.mask,Mask,ui.item,M3,Filters what you would rather not breathe
ui.item.boots,Boots,ui.item,M3,Pace and protection
ui.item.pack,Pack,ui.item,M3,Carry more on a caravan
ui.item.flashlight,Torch,ui.item,M3,Portable light
ui.item.radio,Radio,ui.item,M3,Talk at distance
ui.item.compass,Compass,ui.item,M3,Travel without getting lost
ui.item.binoculars,Binoculars,ui.item,M3,See further than you can shoot
ui.item.toolkit,Toolkit,ui.item,M3,"Better work, faster"
ui.item.canteen,Canteen,ui.item,M3,"Water, carried"
ui.item.bedroll,Bedroll,ui.item,M3,Sleep away from home
ui.terrain.grass,Grass,ui.terrain,M1,"The living surface. Trees grow here and nothing else"
ui.terrain.bareearth,Bare Earth,ui.terrain,M1,"Soil with the grass worn off it"
ui.terrain.gravel,Gravel,ui.terrain,M1,"Stony ground. Poor soil, firm footing"
ui.terrain.sand,Sand,ui.terrain,M1,"Loose and barren. What a riverbed is made of"
ui.terrain.marsh,Marsh,ui.terrain,M1,"Wet ground fringing water. Crossed at three quarters pace"
ui.terrain.water.shallow,Shallow Water,ui.terrain,M1,"Wadeable, at a third of walking pace. Nothing can be built on it without a bridge"
ui.terrain.water.deep,Deep Water,ui.terrain,M1,"Out of your depth. Colonists will not enter it and paths go round"
ui.terrain.rock,Rock,ui.terrain,M1,"Natural stone. Mined, not cleared"
ui.terrain.subsoil,Subsoil,ui.terrain,M1,"The band between soil and rock. Cheap to dig"
ui.terrain.bedrock,Bedrock,ui.terrain,M1,"The floor of the world. Deliberately punitive to mine"
ui.terrain.packedgravel,Packed Gravel,ui.terrain,M3,"Stony ground, packed hard. Firm footing, poor soil"
ui.terrain.tree.conifer,Conifer,ui.terrain,M3,"An evergreen of the meadow. Chopped for wood"
ui.terrain.tree.broadleaf,Broadleaf,ui.terrain,M3,"A broad-crowned tree of the meadow. Chopped for wood"
ui.terrain.carrot,Carrot,ui.terrain,M3,"A root vegetable of the meadow. Grown in zones, cut at full growth"
ui.settings.panel,Settings,ui.settings,M1,"What the game does, not what the colony does"
ui.settings.graphics,Graphics,ui.settings,M1,"How the world is drawn. None of it reaches the simulation"
ui.settings.interface,Interface,ui.settings,M1,"How the interface itself is drawn and how large it is"
ui.settings.uiscale,Interface scale,ui.settings,M1,"How large the HUD is drawn. Larger type covers more of the board"
ui.settings.shadows,Shadows,ui.settings,M1,"Whether people and buildings cast shadows on the ground"
ui.settings.surround,Surrounding land,ui.settings,M1,"The land carried past the rim so the board does not end in mid-air"
ui.settings.grass,Grass tufts,ui.settings,M1,"Tufts strewn over the meadow. Decoration, in no cell and no save"
ui.settings.relief,Ground relief,ui.settings,M1,"The roll of the drawn ground. The cells underneath stay flat"
ui.settings.seethrough,See through to selection,ui.settings,M1,"Fade whatever stands between the camera and a selected colonist"
ui.settings.cutaway,Cut away the ceiling,ui.settings,M3,"See into rooms on this layer. Off shows the floor above you"
ui.settings.keys,Keys,ui.settings,M3,"Every key the game reads, and what each one may be changed to"
ui.settings.resetkeys,Reset keys to defaults,ui.settings,M3,"Put every action back on the key it shipped with"
ui.keys.forward,Camera forward,ui.keys,M3,"Move the camera up the screen"
ui.keys.back,Camera back,ui.keys,M3,"Move the camera down the screen"
ui.keys.right,Camera right,ui.keys,M3,"Move the camera right along the screen"
ui.keys.left,Camera left,ui.keys,M3,"Move the camera left along the screen"
ui.keys.turnleft,Turn camera left,ui.keys,M3,"Orbit the view anticlockwise while held"
ui.keys.turnright,Turn camera right,ui.keys,M3,"Orbit the view clockwise while held"
ui.keys.sliceup,Slice up,ui.keys,M3,"Step the visible layer up one"
ui.keys.slicedown,Slice down,ui.keys,M3,"Step the visible layer down one"
ui.keys.cycleabove,Cycle above-slice view,ui.keys,M3,"Step through how the layers above the slice are drawn"
ui.keys.frame,Frame the map,ui.keys,M3,"Pull the camera back until the whole board is in view"
ui.keys.pause,Pause,ui.keys,M3,"Stop the clock, or start it again"
ui.keys.speed1,Speed one,ui.keys,M3,"Run the clock at its first speed"
ui.keys.speed2,Speed two,ui.keys,M3,"Run the clock at its second speed"
ui.keys.speed3,Speed three,ui.keys,M3,"Run the clock at its third speed"
ui.keys.mine,Mine tool,ui.keys,M3,"Arm the mine designation"
ui.keys.fell,Chop tool,ui.keys,M3,"Arm the chop trees designation"
ui.keys.cancel,Cancel tool,ui.keys,M3,"Arm the cancel designation"
ui.keys.growzone,Growing zone tool,ui.keys,M3,"Arm the growing-zone designation"
ui.keys.build,Build palette,ui.keys,M3,"Open and close the Build palette"
ui.keys.debugmenu,Debug menu,ui.keys,M3,"Open the debug menu"
ui.keys.worktab,Work tab,ui.keys,M3,"Open the work priority grid"
ui.keys.almanac,Almanac,ui.keys,M3,"Open and close the Almanac reference browser"
ui.keys.animals,Animals,ui.keys,WL,"Open and close the Animals tab"
ui.animals.kind,Kind,ui.animals,WL,"What sort of animal it is"
ui.animals.doing,Doing,ui.animals,WL,"Wandering or resting"
ui.animals.empty,No animals on the board,ui.animals,WL,"The Animals tab with nothing to list"
ui.settings.audio,Audio,ui.settings,M3,"How loud each part of the game is. Stored on the machine, in decibels"
ui.settings.camspeed,Camera speed,ui.settings,M3,"How fast the camera pans and zooms, as a share of its tuned speed"
ui.settings.buildlayout,Build palette layout,ui.settings,M3,"Which of the three shapes the Build palette takes: rows, rail or bar"
ui.settings.developer,Developer overlay,ui.settings,M3,"The frame-time and draw-call readout, kept on the machine between sessions"
ui.debug.panel,Debug,ui.debug,M3,"Debug-only actions: not saved and not for a shipping build"
ui.debug.spawnpawn,Spawn colonist,ui.debug,M3,"Adds a colonist with no scenario and no starting kit"
ui.debug.givewood,Give wood,ui.debug,M3,"Adds 50 wood near the camera"
ui.debug.givestone,Give stone,ui.debug,M3,"Adds 50 stone near the camera"
ui.debug.givefood,Give food,ui.debug,M3,"Adds 50 meals near the camera"
ui.debug.tab.cheats,Cheats,ui.debug,M3,"The overlay toggle and the grants"
ui.debug.tab.events,Events,ui.debug,M3,"One row per event the content declares, each fired on click"
ui.debug.tab.spawn,Spawn,ui.debug,AN,"Colonists and animals, placed near the camera"
ui.debug.skipday,Skip one day,ui.debug,GR,"Spends one whole game day of ticks at once"
ui.debug.skipmorning,Skip to morning,ui.debug,GR,"Skips the night and hands the clock back at dawn"
ui.debug.ripen,Ripen crops,ui.debug,GR,"Brings every standing crop to ripeness at once"
ui.debug.spawnhog,Spawn midden hog,ui.debug,AN,"Adds a wild midden hog near the camera"
ui.debug.spawnrat,Spawn duct rat,ui.debug,AN,"Adds a duct rat near the camera"
ui.debug.marktrace,Mark this moment,ui.debug,PT,"Writes a marker into the performance trace, so the seconds around now can be found"
ui.debug.trace,Performance trace,ui.debug,PT,"Stops or starts the per-second performance trace this session writes"
ui.settings.display,Display,ui.settings,M3,"How the frame is paced and how large it is drawn"
ui.settings.detail,Detail,ui.settings,M3,"What the board is drawn with. None of it reaches the simulation"
ui.settings.vsync,VSync,ui.settings,M3,"Match the screen's refresh rate. Stops tearing, and paces the frame"
ui.settings.framecap,Frame rate cap,ui.settings,M3,"The ceiling on frames a second. A rate the machine can hold beats a higher one that swings"
ui.settings.renderscale,Render scale,ui.settings,M3,"How large the world is drawn before it is scaled to the window. The interface stays sharp"
ui.settings.antialias,Anti-aliasing,ui.settings,M3,"Smooth the stepped edges of the board. The most expensive thing on this page"
ui.settings.shadowdist,Shadow distance,ui.settings,M3,"How far from the camera shadows are still drawn"
ui.settings.displaymode,Display mode,ui.settings,M3,"Fullscreen, borderless or a window"
ui.settings.resolution,Resolution,ui.settings,M3,"How many pixels the game is drawn at. Only a built game can change it"
ui.settings.exit,Exit game,ui.settings,M3,"Leave the game. The row asks twice, because leaving is not undoable"
ui.settings.gameplay,Gameplay,ui.settings,MS,"What the game does for you while you play"
ui.settings.autosave,Autosave,ui.settings,MS,"How often the colony is written over its own save. Off writes nothing unless you ask"
ui.settings.volume.master,Master volume,ui.settings,M3,"Everything at once"
ui.settings.volume.music,Music volume,ui.settings,M3,"What plays under the game"
ui.settings.volume.ambience,Ambience volume,ui.settings,M3,"The sound of the place itself"
ui.settings.volume.effects,Effects volume,ui.settings,M3,"Axes, picks and the noises of work"
ui.settings.volume.alerts,Alerts volume,ui.settings,M3,"What asks for attention"
ui.session.newgame,New game,ui.session,MS,"Start a colony on a fresh board"
ui.session.load,Load,ui.session,MS,"Open a saved colony. The list reads each file's header, never its body"
ui.session.save,Save,ui.session,MS,"Write this colony over the save it came from. Names one the first time"
ui.session.saveas,Save as,ui.session,MS,"Write this colony to a save of its own, leaving the one it came from alone"
ui.session.quittomenu,Quit to main menu,ui.session,MS,"Put this colony down and go back to the start screen"
ui.session.autosave,Autosaved,ui.session,MS,"The game wrote this colony over its own save by itself"
ui.prompt.savename,Name this save,ui.prompt,MS,"What to call it. The name is the file, so two saves of one name are one save"
ui.prompt.overwrite,Overwrite,ui.prompt,MS,"Write over the save already using this name. It asks twice"
ui.prompt.cancel,Cancel,ui.prompt,MS,"Leave without writing anything"
ui.prompt.saveandleave,Save and leave,ui.prompt,MS,"Write this colony over its own save, then go"
ui.prompt.leaveunsaved,Leave without saving,ui.prompt,MS,"Go now. Anything since the last save is lost"
ui.start.screen,Odyssey,ui.start,MS,"The screen before the game, and the only one that exists with no world built"
ui.start.load,Load a colony,ui.start,MS,"Every save in the folder, newest first"
ui.start.back,Back,ui.start,MS,"Back to the start screen"
ui.start.empty,No saved colonies,ui.start,MS,"Nothing in the Saves folder yet"
ui.start.unreadable,Cannot be opened,ui.start,MS,"A save this build does not understand. Listed rather than hidden, so a colony never simply disappears"
ui.newgame.seed,Seed,ui.newgame,MS,"The number the whole world comes from. Type one to play a board somebody else found"
ui.newgame.reroll,Reroll,ui.newgame,MS,"Deal another world. Never the one already in the box"
ui.newgame.start,Start,ui.newgame,MS,"Build the colony on the seed showing. Greyed while the box does not name one"
ui.newgame.colony,Colony name,ui.newgame,MS,"What this colony is called. Shown in the load list"
ui.newgame.defaultcolony,The Lost Buckets,ui.newgame,MS,"What a colony is called when nobody names it"
ui.newgame.size,Board size,ui.newgame,MS,"How much ground the colony has to grow into"
ui.newgame.size.small,Small,ui.newgame,MS,"80 x 80. Close quarters"
ui.newgame.size.standard,Standard,ui.newgame,MS,"120 x 120. The board every measurement was taken on"
ui.newgame.size.large,Large,ui.newgame,MS,"180 x 180, and deeper. Room to spread out"
ui.newgame.size.huge,Huge,ui.newgame,MS,"240 x 240. Twice the ground of the standard board"
ui.newgame.title,New game,ui.newgame,MS,"The board and the people, before anything is built"
ui.newgame.skills,Skills,ui.newgame,MS,"What this candidate can already do, and what they care about"
ui.newgame.traits,Traits,ui.newgame,MS,"What this candidate is like. Empty until traits exist"
ui.colonists.title,Your colonists,ui.colonists,MS,"The three people you take into the game"
ui.colonists.reroll,Reroll,ui.colonists,MS,"Deal a new set. Anyone you have kept stays"
ui.colonists.lock,Keep,ui.colonists,MS,"Hold on to this colonist through a reroll"
ui.occupation.nepo-rich-kid,Nepo Rich Kid,ui.occupation,MS,
ui.occupation.sofa-surfer,Sofa Surfer,ui.occupation,MS,
ui.occupation.carpenter,Carpenter,ui.occupation,MS,
ui.occupation.plumber,Plumber,ui.occupation,MS,
ui.occupation.electrician,Electrician,ui.occupation,MS,
ui.occupation.mechanic,Mechanic,ui.occupation,MS,
ui.occupation.butcher,Butcher,ui.occupation,MS,
ui.occupation.baker,Baker,ui.occupation,MS,
ui.occupation.welder,Welder,ui.occupation,MS,
ui.occupation.roofer,Roofer,ui.occupation,MS,
ui.occupation.locksmith,Locksmith,ui.occupation,MS,
ui.occupation.blacksmith,Blacksmith,ui.occupation,MS,
ui.occupation.mason,Mason,ui.occupation,MS,
ui.occupation.painter,Painter,ui.occupation,MS,
ui.occupation.tailor,Tailor,ui.occupation,MS,
ui.occupation.cobbler,Cobbler,ui.occupation,MS,
ui.occupation.farmer,Farmer,ui.occupation,MS,
ui.occupation.fisher,Fisher,ui.occupation,MS,
ui.occupation.miner,Miner,ui.occupation,MS,
ui.occupation.logger,Logger,ui.occupation,MS,
ui.occupation.hunter,Hunter,ui.occupation,MS,
ui.occupation.trapper,Trapper,ui.occupation,MS,
ui.occupation.forester,Forester,ui.occupation,MS,
ui.occupation.gardener,Gardener,ui.occupation,MS,
ui.occupation.cook,Cook,ui.occupation,MS,
ui.occupation.brewer,Brewer,ui.occupation,MS,
ui.occupation.paramedic,Paramedic,ui.occupation,MS,
ui.occupation.nurse,Nurse,ui.occupation,MS,
ui.occupation.veterinarian,Veterinarian,ui.occupation,MS,
ui.occupation.dentist,Dentist,ui.occupation,MS,
ui.occupation.pharmacist,Pharmacist,ui.occupation,MS,
ui.occupation.janitor,Janitor,ui.occupation,MS,
ui.occupation.refuse-collector,Refuse collector,ui.occupation,MS,
ui.occupation.security-guard,Security guard,ui.occupation,MS,
ui.occupation.firefighter,Firefighter,ui.occupation,MS,
ui.occupation.lorry-driver,Lorry driver,ui.occupation,MS,
ui.occupation.bus-driver,Bus driver,ui.occupation,MS,
ui.occupation.train-driver,Train driver,ui.occupation,MS,
ui.occupation.sailor,Sailor,ui.occupation,MS,
ui.occupation.pilot,Pilot,ui.occupation,MS,
ui.occupation.surveyor,Surveyor,ui.occupation,MS,
ui.occupation.machinist,Machinist,ui.occupation,MS,
ui.occupation.scaffolder,Scaffolder,ui.occupation,MS,
ui.occupation.glazier,Glazier,ui.occupation,MS,
ui.occupation.plasterer,Plasterer,ui.occupation,MS,
ui.occupation.bricklayer,Bricklayer,ui.occupation,MS,
ui.occupation.warehouse-worker,Warehouse worker,ui.occupation,MS,
ui.occupation.dock-worker,Dock worker,ui.occupation,MS,
ui.occupation.postal-worker,Postal worker,ui.occupation,MS,
ui.occupation.radio-operator,Radio operator,ui.occupation,MS,
ui.occupation.gunsmith,Gunsmith,ui.occupation,MS,
ui.occupation.dishwasher,Dishwasher,ui.occupation,MS,
ui.occupation.line-cook,Line cook,ui.occupation,MS,
ui.occupation.fast-food-cashier,Fast food cashier,ui.occupation,MS,
ui.occupation.kitchen-porter,Kitchen porter,ui.occupation,MS,
ui.occupation.table-clearer,Table clearer,ui.occupation,MS,
ui.occupation.shelf-stocker,Shelf stocker,ui.occupation,MS,
ui.occupation.grocery-bagger,Grocery bagger,ui.occupation,MS,
ui.occupation.cart-collector,Cart collector,ui.occupation,MS,
ui.occupation.retail-clerk,Retail clerk,ui.occupation,MS,
ui.occupation.street-sweeper,Street sweeper,ui.occupation,MS,
ui.occupation.window-cleaner,Window cleaner,ui.occupation,MS,
ui.occupation.housekeeper,Housekeeper,ui.occupation,MS,
ui.occupation.hotel-cleaner,Hotel cleaner,ui.occupation,MS,
ui.occupation.laundromat-attendant,Laundromat attendant,ui.occupation,MS,
ui.occupation.car-washer,Car washer,ui.occupation,MS,
ui.occupation.parking-attendant,Parking attendant,ui.occupation,MS,
ui.occupation.toll-booth-operator,Toll booth operator,ui.occupation,MS,
ui.occupation.petrol-station-clerk,Petrol station clerk,ui.occupation,MS,
ui.occupation.delivery-courier,Delivery courier,ui.occupation,MS,
ui.occupation.moving-labourer,Moving labourer,ui.occupation,MS,
ui.occupation.construction-labourer,Construction labourer,ui.occupation,MS,
ui.occupation.ditch-digger,Ditch digger,ui.occupation,MS,
ui.occupation.demolition-labourer,Demolition labourer,ui.occupation,MS,
ui.occupation.scrap-picker,Scrap picker,ui.occupation,MS,
ui.occupation.factory-packager,Factory packager,ui.occupation,MS,
ui.occupation.assembly-line-worker,Assembly line worker,ui.occupation,MS,
ui.occupation.fruit-picker,Fruit picker,ui.occupation,MS,
ui.occupation.farmhand,Farmhand,ui.occupation,MS,
ui.occupation.stable-hand,Stable hand,ui.occupation,MS,
ui.occupation.yard-labourer,Yard labourer,ui.occupation,MS,
ui.occupation.cemetery-gravedigger,Cemetery gravedigger,ui.occupation,MS,
ui.occupation.bouncer,Bouncer,ui.occupation,MS,
ui.occupation.night-watch,Night watch,ui.occupation,MS,
ui.occupation.dog-walker,Dog walker,ui.occupation,MS,
ui.occupation.pet-groomer-assistant,Pet groomer assistant,ui.occupation,MS,
ui.occupation.leaf-raker,Leaf raker,ui.occupation,MS,
ui.occupation.snow-shoveler,Snow shoveler,ui.occupation,MS,
ui.occupation.furniture-mover,Furniture mover,ui.occupation,MS,
ui.occupation.pallet-stacker,Pallet stacker,ui.occupation,MS,
ui.occupation.newspaper-deliverer,Newspaper deliverer,ui.occupation,MS,
ui.occupation.flyer-distributor,Flyer distributor,ui.occupation,MS,
ui.occupation.entrepreneur,Entrepreneur,ui.occupation,MS,
ui.occupation.influencer,Influencer,ui.occupation,MS,
ui.occupation.unemployed,Unemployed,ui.occupation,MS,
ui.occupation.gambler,Gambler,ui.occupation,MS,
ui.occupation.jewellery-maker,Jewellery maker,ui.occupation,MS,
ui.occupation.journalist,Journalist,ui.occupation,MS,
ui.occupation.tv-presenter,TV presenter,ui.occupation,MS,
ui.occupation.investor,Investor,ui.occupation,MS,
ui.occupation.sports-professional,Sports professional,ui.occupation,MS,
ui.occupation.accountant,Accountant,ui.occupation,MS,
ui.occupation.bank-clerk,Bank clerk,ui.occupation,MS,
ui.occupation.estate-agent,Estate agent,ui.occupation,MS,
ui.occupation.insurance-clerk,Insurance clerk,ui.occupation,MS,
ui.occupation.civil-servant,Civil servant,ui.occupation,MS,
ui.occupation.receptionist,Receptionist,ui.occupation,MS,
ui.occupation.call-centre-operator,Call centre operator,ui.occupation,MS,
ui.occupation.debt-collector,Debt collector,ui.occupation,MS,
ui.occupation.market-trader,Market trader,ui.occupation,MS,
ui.occupation.pawnbroker,Pawnbroker,ui.occupation,MS,
ui.occupation.teacher,Teacher,ui.occupation,MS,
ui.occupation.lecturer,Lecturer,ui.occupation,MS,
ui.occupation.librarian,Librarian,ui.occupation,MS,
ui.occupation.translator,Translator,ui.occupation,MS,
ui.occupation.archivist,Archivist,ui.occupation,MS,
ui.occupation.musician,Musician,ui.occupation,MS,
ui.occupation.actor,Actor,ui.occupation,MS,
ui.occupation.dj,DJ,ui.occupation,MS,
ui.occupation.photographer,Photographer,ui.occupation,MS,
ui.occupation.illustrator,Illustrator,ui.occupation,MS,
ui.occupation.tattooist,Tattooist,ui.occupation,MS,
ui.occupation.busker,Busker,ui.occupation,MS,
ui.occupation.novelist,Novelist,ui.occupation,MS,
ui.occupation.software-developer,Software developer,ui.occupation,MS,
ui.occupation.it-support,IT support,ui.occupation,MS,
ui.occupation.lab-technician,Lab technician,ui.occupation,MS,
ui.occupation.research-chemist,Research chemist,ui.occupation,MS,
ui.occupation.civil-engineer,Civil engineer,ui.occupation,MS,
ui.occupation.architect,Architect,ui.occupation,MS,
ui.occupation.meteorologist,Meteorologist,ui.occupation,MS,
ui.occupation.physiotherapist,Physiotherapist,ui.occupation,MS,
ui.occupation.optician,Optician,ui.occupation,MS,
ui.occupation.midwife,Midwife,ui.occupation,MS,
ui.occupation.care-assistant,Care assistant,ui.occupation,MS,
ui.occupation.social-worker,Social worker,ui.occupation,MS,
ui.occupation.counsellor,Counsellor,ui.occupation,MS,
ui.occupation.soldier,Soldier,ui.occupation,MS,
ui.occupation.police-officer,Police officer,ui.occupation,MS,
ui.occupation.prison-officer,Prison officer,ui.occupation,MS,
ui.occupation.lifeguard,Lifeguard,ui.occupation,MS,
ui.occupation.coastguard,Coastguard,ui.occupation,MS,
ui.occupation.barista,Barista,ui.occupation,MS,
ui.occupation.bartender,Bartender,ui.occupation,MS,
ui.occupation.waiter,Waiter,ui.occupation,MS,
ui.occupation.fishmonger,Fishmonger,ui.occupation,MS,
ui.occupation.greengrocer,Greengrocer,ui.occupation,MS,
ui.occupation.cheesemaker,Cheesemaker,ui.occupation,MS,
ui.occupation.tiler,Tiler,ui.occupation,MS,
ui.occupation.upholsterer,Upholsterer,ui.occupation,MS,
ui.occupation.carpet-fitter,Carpet fitter,ui.occupation,MS,
ui.occupation.sign-writer,Sign writer,ui.occupation,MS,
ui.occupation.chimney-sweep,Chimney sweep,ui.occupation,MS,
ui.occupation.tree-surgeon,Tree surgeon,ui.occupation,MS,
ui.occupation.pest-controller,Pest controller,ui.occupation,MS,
ui.occupation.landscaper,Landscaper,ui.occupation,MS,
ui.occupation.crane-operator,Crane operator,ui.occupation,MS,
ui.occupation.forklift-driver,Forklift driver,ui.occupation,MS,
ui.occupation.beekeeper,Beekeeper,ui.occupation,MS,
ui.occupation.shepherd,Shepherd,ui.occupation,MS,
ui.occupation.dairy-hand,Dairy hand,ui.occupation,MS,
ui.occupation.kennel-hand,Kennel hand,ui.occupation,MS,
ui.occupation.hairdresser,Hairdresser,ui.occupation,MS,
ui.occupation.barber,Barber,ui.occupation,MS,
ui.occupation.beautician,Beautician,ui.occupation,MS,
ui.occupation.fitness-instructor,Fitness instructor,ui.occupation,MS,
ui.occupation.student,Student,ui.occupation,MS,
ui.occupation.drifter,Drifter,ui.occupation,MS,
ui.occupation.squatter,Squatter,ui.occupation,MS,
ui.occupation.conspiracy-blogger,Conspiracy blogger,ui.occupation,MS,
ui.occupation.doomsday-prepper,Doomsday prepper,ui.occupation,MS,
ui.occupation.lottery-winner,Lottery winner,ui.occupation,MS,
ui.occupation.smuggler,Smuggler,ui.occupation,MS,
ui.occupation.petty-thief,Petty thief,ui.occupation,MS,
ui.storage.priority.last,Last,ui.storage.priority,M3,Filled only when every other store is full
ui.storage.priority.low,Low,ui.storage.priority,M3,Overflow. Take from here before anywhere else
ui.storage.priority.normal,Normal,ui.storage.priority,M3,What a store is unless you say otherwise
ui.storage.priority.preferred,Preferred,ui.storage.priority,M3,Filled before an ordinary store
ui.storage.priority.urgent,Urgent,ui.storage.priority,M3,Filled first. Things already stored elsewhere are moved here
ui.storage.preset.everything,Everything,ui.storage.preset,M3,"Accept every kind of thing, including ones added later"
ui.storage.preset.nothing,Nothing,ui.storage.preset,M3,"Accept nothing, then tick what belongs"
ui.res.category.food,Food,ui.res.category,M3,"Anything a colonist can eat, cooked or raw"
ui.res.category.medicine,Medicine,ui.res.category,M3,What tending draws on
ui.res.category.materials,Materials,ui.res.category,M3,"What things are made of, and what mining and felling leave behind"
ui.res.category.books,Books,ui.res.category,M3,Research obtained elsewhere rather than worked out here
ui.res.category.items,Items,ui.res.category,M3,"Made things that are carried, worn or used"
ui.res.category.weapons,Weapons,ui.res.category,M3,What a colonist fights with
ui.tab.storage,Storage,ui.tab,M3,"What a store takes, and how much it matters"
ui.tab.tile,Tile,ui.tab,M3,"The ground itself, under whatever is standing on it"
